{
  "players": {
    "anthropic/claude-haiku-4.5": {
      "accuracy_avg": 79.24573013603569,
      "accuracy_games": 8.0,
      "cost_avg": 0.003250386621394699,
      "cost_games": 8.0,
      "draws": 3.0,
      "elo": 1159.686635603204,
      "games": 8.0,
      "losses": 4.0,
      "time_avg": 5.7956508934705955,
      "time_games": 2.0,
      "wins": 1.0
    },
    "anthropic/claude-opus-4.5": {
      "accuracy_avg": 81.23404255319149,
      "accuracy_games": 1.0,
      "cost_avg": 0.019293836170212766,
      "cost_games": 1.0,
      "draws": 1.0,
      "elo": 1204.0633115463404,
      "games": 1.0,
      "losses": 0.0,
      "time_avg": 16.5031881117234,
      "time_games": 1.0,
      "wins": 0.0
    },
    "anthropic/claude-sonnet-4.5": {
      "accuracy_avg": 65.22188905547227,
      "accuracy_games": 2.0,
      "cost_avg": 0.011292042413793106,
      "cost_games": 1.0,
      "draws": 1.0,
      "elo": 1216.515645833283,
      "games": 2.0,
      "losses": 0.0,
      "time_avg": 13.610682022976007,
      "time_games": 2.0,
      "wins": 1.0
    },
    "google/gemini-2.0-flash-001": {
      "accuracy_avg": 51.35471082687396,
      "accuracy_games": 9.0,
      "cost_avg": 4.8719338119748514e-05,
      "cost_games": 9.0,
      "draws": 7.0,
      "elo": 1147.737839109192,
      "games": 11.0,
      "losses": 4.0,
      "time_avg": 0.0,
      "time_games": 0.0,
      "wins": 0.0
    },
    "google/gemini-2.5-flash": {
      "accuracy_avg": 54.551016946016944,
      "accuracy_games": 11.0,
      "cost_avg": 0.0018450009017233638,
      "cost_games": 10.0,
      "draws": 5.0,
      "elo": 1196.8713998745166,
      "games": 11.0,
      "losses": 4.0,
      "time_avg": 3.881904833000008,
      "time_games": 2.0,
      "wins": 2.0
    },
    "google/gemini-3-flash-preview": {
      "accuracy_avg": 75.8831579529881,
      "accuracy_games": 18.0,
      "cost_avg": 0.0016162413622834457,
      "cost_games": 18.0,
      "draws": 4.0,
      "elo": 1244.9654025331201,
      "games": 18.0,
      "losses": 4.0,
      "time_avg": 2.8840337270623224,
      "time_games": 6.0,
      "wins": 10.0
    },
    "google/gemini-3-pro-preview": {
      "accuracy_avg": 82.28646495465718,
      "accuracy_games": 4.0,
      "cost_avg": 0.015305649309210526,
      "cost_games": 4.0,
      "draws": 1.0,
      "elo": 1196.5944029430884,
      "games": 4.0,
      "losses": 2.0,
      "time_avg": 18.50171203200926,
      "time_games": 3.0,
      "wins": 1.0
    },
    "openai/gpt-5-mini": {
      "accuracy_avg": 49.20233262017744,
      "accuracy_games": 10.0,
      "cost_avg": 0.0009338330911072508,
      "cost_games": 10.0,
      "draws": 3.0,
      "elo": 1185.9354996908392,
      "games": 10.0,
      "losses": 4.0,
      "wins": 3.0
    },
    "openai/gpt-5-nano": {
      "accuracy_avg": 73.40530925013682,
      "accuracy_games": 3.0,
      "cost_avg": 0.0009423945738916256,
      "cost_games": 3.0,
      "draws": 2.0,
      "elo": 1170.9417754845576,
      "games": 4.0,
      "losses": 2.0,
      "time_avg": 24.99368891824632,
      "time_games": 2.0,
      "wins": 0.0
    },
    "openai/gpt-5.2": {
      "accuracy_avg": 61.48161277709576,
      "accuracy_games": 11.0,
      "cost_avg": 0.012179481267470482,
      "cost_games": 11.0,
      "draws": 3.0,
      "elo": 1224.053894472039,
      "games": 11.0,
      "losses": 3.0,
      "time_avg": 22.738537052702945,
      "time_games": 2.0,
      "wins": 5.0
    },
    "stockfish/elo-1350": {
      "accuracy_avg": 78.24416454241016,
      "accuracy_games": 3.0,
      "cost_avg": 0.0,
      "cost_games": 0.0,
      "draws": 0.0,
      "elo": 1371.0688517951435,
      "games": 3.0,
      "losses": 1.0,
      "time_avg": 0.0,
      "time_games": 0.0,
      "wins": 2.0
    },
    "stockfish/elo-2000": {
      "accuracy_avg": 78.84684684684684,
      "accuracy_games": 1.0,
      "cost_avg": 0.0,
      "cost_games": 0.0,
      "draws": 0.0,
      "elo": 1999.8991276741572,
      "games": 1.0,
      "losses": 1.0,
      "time_avg": 0.0,
      "time_games": 0.0,
      "wins": 0.0
    },
    "stockfish/elo-3000": {
      "accuracy_avg": 89.34784784784785,
      "accuracy_games": 2.0,
      "cost_avg": 0.0,
      "cost_games": 0.0,
      "draws": 0.0,
      "elo": 3000.1035812204846,
      "games": 2.0,
      "losses": 0.0,
      "time_avg": 0.0,
      "time_games": 0.0,
      "wins": 2.0
    },
    "x-ai/grok-4.1-fast": {
      "accuracy_avg": 81.47619047619047,
      "accuracy_games": 1.0,
      "cost_avg": 0.002754218892857143,
      "cost_games": 1.0,
      "draws": 0.0,
      "elo": 1215.3699579810664,
      "games": 1.0,
      "losses": 0.0,
      "time_avg": 45.091381172571396,
      "time_games": 1.0,
      "wins": 1.0
    }
  }
}